Vendor Name,Department,Last 12 Months Cost (USD),1-line Description,Suggestions
Salesforce Uk Ltd-Uk,SaaS,"$3,117,226",Enterprise CRM platform for sales and customer relationship management,Optimize
Navan (Tripactions Inc),SaaS,"$357,984",Corporate travel and expense management platform,Consolidate
Bdo Llp,Professional Services,"$343,081",Global accounting firm providing audit tax and advisory services,Optimize
Tog Uk Properties Limited,Facilities,"$263,821",Premium flexible workspace and serviced office provider,Optimize
Cloudcrossing Bvba,Engineering,"$208,675",Cloud infrastructure and network connectivity services provider,Optimize
Zagrebtower D.O.O.,Facilities,"$183,754",Commercial office building and real estate in Zagreb,Optimize
Innovent Spaces Private Limited,Facilities,"$147,348",IndiQube coworking and managed workspace solutions in India,Consolidate
Weking D.O.O.,Facilities,"$144,093",Office facilities and property management in Croatia,Optimize
Jensten Insurance Brokers,Finance,"$142,700",Commercial insurance brokerage and risk management services,Optimize
Gpt Space & Co,Facilities,"$133,507",Commercial real estate and flexible office space provider,Consolidate
Aetna Life And Casualty Ltd,Finance,"$124,661",Health insurance and employee benefits provider,Optimize
Rsm Uk Corporate Finance Llp,M&A,"$117,078",Corporate finance advisory specializing in M&A transactions,Optimize
Amazon Web Services Llc,Engineering,"$106,399",Cloud computing platform providing infrastructure services,Consolidate
Telefonica Global Services Gmbh,Engineering,"$89,880",Global telecommunications and network services provider,Optimize
Hr Solution International Gmbh,Professional Services,"$80,823",HR consulting and workforce management solutions,Optimize
4I Advisory Services,Professional Services,"$71,860",Financial advisory and business consulting services,Consolidate
Bisley Law Ltd,Legal,"$67,414",Corporate and commercial law firm,Optimize
Infosys,Engineering,"$66,570",Global IT consulting and software development services,Optimize
Big Frontier Pty Ltd (Cult Of Monday),Marketing,"$66,131",Creative marketing agency specializing in brand strategy,Optimize
Harmonic Group Limited,Engineering,"$65,418",Technology consulting and software development services,Optimize
Wework Singapore Pte. Ltd.,Facilities,"$64,373",Global coworking and flexible workspace provider,Consolidate
Cloud Technology Solutions Ltd,Engineering,"$60,661",Google Cloud partner providing cloud consulting services,Consolidate
Navan Inc,SaaS,"$57,929",Corporate travel and expense management platform,Consolidate
Tmforum,Professional Services,"$57,560",Telecommunications industry association and standards body,Optimize
Linkedin Ireland Limited,Marketing,"$55,573",Professional networking platform for recruiting and advertising,Optimize
Kimble Applications Ltd,SaaS,"$52,825",Professional services automation and resource planning software,Optimize
Sage Uk Limited,SaaS,"$46,895",Accounting and business management software provider,Optimize
Grant Thornton,Professional Services,"$46,539",Global accounting and advisory firm,Consolidate
Sveuciliste U Zagrebu Studentski Centar,Facilities,"$44,299",University student center facilities in Zagreb,Optimize
Ss&C Intralinks Inc,SaaS,"$39,966",Virtual data room platform for M&A and secure document sharing,Optimize
Veniture D.O.O.,Engineering,"$39,342",Software development and IT services company in Croatia,Optimize
Accutrainee Limited,Professional Services,"$38,841",Legal trainee placement and recruitment services,Optimize
Mason Frank International Ltd,Professional Services,"$38,148",Salesforce ecosystem recruitment and staffing specialist,Optimize
Houlihan Lokey Advisors Llc,M&A,"$37,461",Global investment bank specializing in M&A advisory,Optimize
Vector Capital Management Lp,M&A,"$32,427",Private equity firm focused on technology investments,Optimize
Hubspot Ireland Limited,SaaS,"$32,187",Inbound marketing CRM and sales automation platform,Optimize
Nefron - Obrt Za Poslovne Usluge,Professional Services,"$30,614",Business services and consulting in Croatia,Optimize
Planful Inc.,SaaS,"$27,741",Financial planning and analysis cloud platform,Optimize
Cognism Limited,Sales,"$27,013",B2B sales intelligence platform with GDPR-compliant contact data,Optimize
Uberflip,Marketing,"$26,091",Content experience platform for B2B marketing,Terminate
Agram Life Osiguranje D.O.O.,Finance,"$24,952",Life insurance provider in Croatia,Optimize
Google Ireland Limited,Marketing,"$24,798",Digital advertising platform and cloud services,Consolidate
Zuric I Partneri Odvjetnicko Drustvo D.O.O.,Legal,"$24,135",Corporate law firm in Croatia,Optimize
Care Health Insurance Company Limited,Finance,"$24,045",Health insurance provider in India,Optimize
New Star Networks(Nsn),Engineering,"$23,887",Network infrastructure and IT services provider,Optimize
Bupa- Supplier,Finance,"$22,800",International health insurance and healthcare provider,Consolidate
Shree Info System Solutions Pvt Ltd,Engineering,"$22,275",IT services and software solutions provider in India,Optimize
Technet It Recruitment,Professional Services,"$21,952",IT recruitment and staffing services,Consolidate
Mightyhive Ltd,Marketing,"$19,042",Digital advertising and programmatic media services,Consolidate
Cedar Recruitment Ltd,Professional Services,"$18,537",Recruitment and staffing agency,Consolidate
Eurofast International Ltd-Greec,Professional Services,"$18,164",Accounting and business advisory services in Greece,Optimize
Hrvatski Telekom D.D.,Engineering,"$18,084",Leading telecommunications provider in Croatia,Consolidate
Sodexo Svc India Private Limited,Facilities,"$17,810",Food services and facilities management company,Optimize
Peakon Aps,SaaS,"$17,108",Employee engagement and feedback analytics platform,Optimize
Plus Your Business Ltd,Marketing,"$17,074",Digital marketing and SEO services agency,Terminate
Benefit Systems D.O.O.,Finance,"$16,900",Employee benefits and wellness program provider,Optimize
Smart Group Services D.O.O.,Professional Services,"$16,438",Business services and office support in Croatia,Optimize
Jones Lang Lasalle (Nsw) Pty Ltd,Facilities,"$16,274",Commercial real estate services and property management,Consolidate
Workato Inc.,SaaS,"$16,101",Enterprise automation and integration platform,Optimize
Konzum Plus D.O.O.,G&A,"$15,684",Retail grocery chain in Croatia,Optimize
Westbrook Advisers,Professional Services,"$15,360",Financial advisory and consulting services,Consolidate
Work Easy Space Solutions Private Limited,Facilities,"$14,913",Flexible office and coworking space in India,Consolidate
Taxstudio Ltd.,Professional Services,"$14,642",Tax preparation and accounting services,Optimize
Pingo D.O.O.,Facilities,"$14,508",Facility services and office management in Croatia,Optimize
Magazin Racunalni Sistemi D.O.O.,Engineering,"$13,870",Computer systems and IT equipment provider,Optimize
Tp Prime D.O.O.,Professional Services,"$13,785",Business services and administrative support,Optimize
Granttree Limited,Professional Services,"$13,659",R&D tax credit and government grant advisory,Optimize
Cigna Sg,Finance,"$13,249",Health insurance and employee benefits in Singapore,Consolidate
Collards Chartered Accountants,Professional Services,"$12,879",Chartered accountants and financial advisors,Consolidate
Bupa Australia,Finance,"$12,463",Health insurance provider in Australia,Consolidate
4I Management Consulting Private Limited,Professional Services,"$12,117",Management consulting and advisory services,Consolidate
Grad Zagreb Gradski Ured Za Prostorno Uredenje,G&A,"$11,637",Zagreb city government municipal services,Optimize
Bijeli Pijesak Obrt Za Poslovno Savjetovanje,Professional Services,"$11,605",Business consulting services in Croatia,Consolidate
Ramiro D.O.O.,Professional Services,"$11,516",Business services and operations support in Croatia,Optimize
Visalogic Limited,Professional Services,"$11,241",Immigration and visa consulting services,Optimize
Poles Ltd - Hanbury Manor,Facilities,"$10,488",Conference venue and hospitality services,Optimize
Shoff Darby Companies,Facilities,"$10,100",Facilities and property management services,Optimize
Emerge Development Consultancy Ltd,Professional Services,"$10,046",Leadership development and executive coaching,Optimize
Performancepro,SaaS,"$10,018",Performance management software platform,Consolidate
Microsoft Ireland Operations Limited,SaaS,"$9,822",Software licensing and cloud services provider,Optimize
Catering Muring,Facilities,"$9,603",Catering and food services in Croatia,Consolidate
Omonia D.O.O.,Professional Services,"$9,559",Business services and operations in Croatia,Optimize
Outreach Corporation,Sales,"$9,206",Sales engagement and automation platform,Optimize
Cbre Limited,Facilities,"$8,395",Global commercial real estate services firm,Consolidate
Studentski Centar - Split,Facilities,"$8,269",Student center facilities in Split Croatia,Consolidate
The Guardian,Marketing,"$8,070",News media platform for advertising,Terminate
Intertrust Singapore Corporate Services Pte Ltd - Csc,Legal,"$7,360",Corporate secretarial and compliance services,Optimize
Goto Technologies Uk Limited,SaaS,"$7,316",Video conferencing and remote collaboration software,Consolidate
Hrsolution International Ag,Professional Services,"$6,987",HR consulting and workforce solutions,Consolidate
Trello,SaaS,"$6,674",Project management and collaboration tool by Atlassian,Consolidate
Obrt Sjaj Sunca,Facilities,"$6,596",Cleaning and facility maintenance services,Optimize
Telefonica Compras Electronicas S.L.,Engineering,"$6,157",Telecommunications procurement services,Consolidate
Allianz Australia Workers' Compensation (Victoria) Limited,Finance,"$6,099",Workers compensation insurance in Australia,Optimize
Icici Lombard Gic Ltd,Finance,"$5,972",General insurance provider in India,Consolidate
Mosaic Concept D.O.O.,Marketing,"$5,731",Creative design and marketing agency in Croatia,Optimize
Limes Plus D.O.O.,G&A,"$5,624",Office supplies and business services in Croatia,Optimize
Mercer Limited,Professional Services,"$5,444",HR consulting and employee benefits advisory,Optimize
Acclime Corporate Services,Legal,"$5,413",Corporate secretarial and compliance services in Asia,Consolidate
Green Commute Initiative,Finance,"$5,402",Cycle to work scheme and employee benefits provider,Optimize
Tattu Manchester Limited,G&A,"$5,366",Restaurant and corporate dining venue,Terminate
Athlete Service Ltd,G&A,"$5,285",Employee wellness and fitness program provider,Optimize
Amazon Web Services Inc.,Engineering,"$5,153",Cloud computing platform providing infrastructure services,Consolidate
Telemach Hrvatska D.O.O.,Engineering,"$5,134",Telecommunications and internet provider in Croatia,Consolidate
Acclime Usa Inc,Legal,"$4,995",Corporate secretarial and compliance services,Consolidate
Centar Za Sigurnost D.O.O.,Facilities,"$4,991",Security services and workplace safety in Croatia,Optimize
Profi Bar D.O.O.,Facilities,"$4,917",Catering and beverage services in Croatia,Consolidate
Pricewaterhousecoopers Llp,Professional Services,"$4,879",Global professional services firm for audit and advisory,Consolidate
Pinnacle Partnership Ca,Professional Services,"$4,836",Recruitment and HR consulting services,Consolidate
The Virtual Legal Counsel Ltd,Legal,"$4,800",Virtual legal services and corporate counsel,Consolidate
Australian Payroll Professionals Pty Ltd,Finance,"$4,399",Payroll processing and HR services in Australia,Optimize
Inter Continental Chennai Mahabalipuram Resort,G&A,"$4,393",Hotel venue for corporate events,Terminate
Jetbrains S.R.O.,Engineering,"$4,083",Software development tools and IDE provider,Optimize
Crowe Horwath Revizija D.O.O.,Professional Services,"$4,062",Audit and accounting services in Croatia,Consolidate
Puducherry Backwater Resort Private Limited,G&A,"$4,056",Hotel and event venue in India,Terminate
Orionw Llc,Engineering,"$4,025",Software development and technology services,Optimize
Adobe Systems Software,SaaS,"$3,929",Creative software suite and digital marketing tools,Optimize
Common Desk Llc,Facilities,"$3,842",Coworking and flexible office space provider,Consolidate
Hep Elektra D.O.O.,Facilities,"$3,735",Electricity utility provider in Croatia,Optimize
Zivi Napitak D.O.O.,Facilities,"$3,700",Beverage and refreshment services in Croatia,Consolidate
Gym4You D.O.O.,G&A,"$3,692",Fitness and employee wellness facilities,Consolidate
Aha! Labs Inc,Product,"$3,689",Product roadmap and management software,Optimize
Apple Retail Uk Ltd,Engineering,"$3,548",Hardware and device procurement,Consolidate
Kryterion Inc.,SaaS,"$3,541",Online testing and certification platform,Optimize
Npm Inc,Engineering,"$3,535",JavaScript package registry and developer tools,Optimize
Pinsent Masons Mpillay Llp,Legal,"$4,078",International law firm specializing in corporate law,Consolidate
Calm Achiever(A Unit Of Mohsin Ali Vakil),G&A,"$4,071",Employee wellness and mental health services,Consolidate
Pluxee India Private Limited,Finance,"$3,994",Employee benefits and meal voucher services,Optimize
O'Donnell Salzano Lawyers,Legal,"$3,955",Corporate and commercial law firm,Consolidate
Papertrail Inc,SaaS,"$3,900",Log management and application monitoring platform,Consolidate
Sniper Systems And Solutions Private Limited,Engineering,"$3,899",IT systems and technology solutions in India,Optimize
Trocadero (London) Hotel Ltd,G&A,"$3,868",Hotel and conference venue in London,Terminate
Semrush Inc,Marketing,"$3,730",SEO and digital marketing analytics platform,Optimize
Golubica Parking D.O.O.,Facilities,"$3,726",Parking services and facilities in Croatia,Optimize
Vodafone (Australian),Engineering,"$3,672",Telecommunications and mobile services provider,Consolidate
Ikea Hrvatska D.O.O.,Facilities,"$3,610",Office furniture and supplies retailer,Optimize
Orcola D.O.O.,Professional Services,"$3,545",Business services and facilities in Croatia,Optimize
Info Edge India Limited,Marketing,"$3,536",Naukri.com job portal and recruitment platform in India,Consolidate
Grad Split,G&A,"$3,483",City government and municipal services in Split,Optimize
T-Mobile,Engineering,"$3,357",Mobile telecommunications provider,Consolidate
Akton D.O.O.,Engineering,"$3,254",IT services and software development in Croatia,Optimize
Bureau Veritas Croatia D.O.O.,Professional Services,"$3,200",Testing inspection and certification services,Optimize
Cici Prudential Life Insurance Co. Ltd.,Finance,"$3,195",Life insurance provider,Consolidate
Ncc Services Limited,Engineering,"$3,036",IT security and compliance services,Optimize
Smartsheet Inc.,SaaS,"$2,995",Work management and collaboration platform,Consolidate
Good Game Global D.O.O.,G&A,"$2,954",Event and entertainment services in Croatia,Terminate
Garaza Firule D.O.O.,Facilities,"$2,930",Parking services in Split Croatia,Consolidate
Crossland,Professional Services,"$2,924",Business services and operations support,Optimize
It London,Engineering,"$2,838",IT support and managed services in London,Consolidate
Terrapinn Holdings Ltd,Marketing,"$2,838",B2B event management and conference organizer,Terminate
Elemental Life Solutions Llp,G&A,"$2,807",Employee wellness and lifestyle services,Consolidate
United Flow Ltd (The Goodness Project),G&A,"$2,744",Employee wellness and corporate social responsibility,Terminate
Mcburneys Charted Accountants,Professional Services,"$2,711",Chartered accountants and financial advisors,Consolidate
Cleverland Winery Resort,G&A,"$2,663",Event venue and hospitality services,Terminate
Ag Grid Ltd,Engineering,"$2,653",JavaScript data grid component library for developers,Optimize
Lusha,Sales,"$2,606",B2B contact enrichment and sales intelligence platform,Consolidate
My Foodiverse Llp,Facilities,"$2,489",Food services and catering,Consolidate
4Imprint Direct Ltd,Marketing,"$2,436",Promotional products and branded merchandise,Optimize
City Pantry Ltd,Facilities,"$2,419",Office food and catering delivery service,Consolidate
Stipe Piric,G&A,"$2,302",Individual contractor services in Croatia,Optimize
Office Move London,Facilities,"$2,293",Office relocation and moving services,Optimize
Pink Ribbon Shop,Marketing,"$2,251",Promotional merchandise and charity products,Terminate
Starhub Ltd (Supplier),Engineering,"$2,205",Telecommunications provider in Singapore,Consolidate
N S Shastri And Co,Professional Services,"$2,194",Accounting and audit services in India,Consolidate
John Smith,G&A,"$2,163",Individual contractor services,Optimize
Fabiola Thistlewhaite,G&A,"$2,154",Individual contractor services,Optimize
Hp Inc Uk Limited,Engineering,"$2,136",Computer hardware and printer equipment,Consolidate
Cision Pr Newswire,Marketing,"$2,110",Press release distribution and media monitoring,Optimize
George Anchor,G&A,"$2,107",Individual contractor services,Optimize
Yoxel Inc,SaaS,"$2,044",Software and technology services,Optimize
Grt Hotels And Resorts P Ltd,G&A,"$2,032",Hotel and conference venue in India,Terminate
Apple Pty Ltd,Engineering,"$2,031",Hardware and device procurement in Australia,Consolidate
Slack Technologies Limited,SaaS,"$1,989",Team messaging and collaboration platform,Consolidate
G S Notary Public Limited,Legal,"$1,935",Notary and legal document services,Optimize
Apple Distribution International Ltd,Engineering,"$1,913",Hardware and device procurement,Consolidate
Porezno Savjetnistvo Tuk D.O.O.,Professional Services,"$1,813",Tax advisory services in Croatia,Consolidate
Susan Lee,G&A,"$1,762",Individual contractor services,Optimize
Ansar Madovic,G&A,"$1,732",Individual contractor services,Optimize
Radius Group Inc,Professional Services,"$1,723",Financial and business advisory services,Consolidate
Aquila Remete D.O.O.,Professional Services,"$1,706",Business services in Croatia,Optimize
Clime India Private Limited,Professional Services,"$1,678",Financial services in India,Consolidate
Golden Mean Inc,Professional Services,"$1,659",Business consulting and advisory services,Terminate
Paint & Fun Vl. Martina Milkova Nikolova,G&A,"$1,654",Team building and corporate event services,Terminate
Carrington Communications,Marketing,"$1,654",Public relations and communications agency,Terminate
Crayond Digital Private Limited,Engineering,"$1,646",Digital product development and design services,Optimize
Studentski Centar Karlovac,Facilities,"$1,549",Student center facilities in Karlovac,Consolidate
Lajnap Comedy Booking D.O.O.,G&A,"$1,536",Entertainment and event booking services,Terminate
British Telecommunications,Engineering,"$1,493",Telecommunications services provider,Consolidate
Etm Concessions Ltd,Facilities,"$1,419",Vending and refreshment services,Optimize
Radisson Grt - Unit Of Hotels & Resorts Pvt Ltd,G&A,"$1,406",Hotel and conference venue in India,Terminate
Ariba Inc,SaaS,"$1,363",SAP procurement and supply chain management platform,Optimize
Chamiers Recreation Club,G&A,"$1,338",Corporate events and recreation venue,Terminate
Quadrant Law Llc,Legal,"$1,327",Corporate and commercial law firm,Consolidate
Docusign,SaaS,"$1,308",Electronic signature and agreement platform,Optimize
Inside Edge Novated Leasing,Finance,"$1,287",Vehicle leasing and employee benefits,Optimize
Rhea D.O.O.,Professional Services,"$1,253",Business services in Croatia,Optimize
P S Recreation Club,G&A,"$1,219",Corporate events and recreation venue,Terminate
Fastspring,SaaS,"$1,179",E-commerce and subscription billing platform,Optimize
Dsv Solutions A/S,G&A,"$1,162",Global logistics and shipping services,Optimize
Curzon Green Solicitors,Legal,"$1,158",Legal services and law firm,Consolidate
Icare Nsw,Finance,"$1,150",Workers compensation insurance in Australia,Consolidate
Thomas Mansfield Solicitors Limited,Legal,"$1,135",Employment law and legal services,Consolidate
Amazon.Co.Uk,G&A,"$1,107",Office supplies and equipment procurement,Consolidate
Backoffice Associates,SaaS,"$1,080",Data management and enterprise software,Optimize
Oladi D.O.O.,Professional Services,"$1,064",Business services in Croatia,Optimize
Integrated Personnel Services,Professional Services,"$1,054",HR and staffing services,Consolidate
Muller Trgovina Zagreb D.O.O.,G&A,"$1,051",Retail and office supplies in Croatia,Consolidate
Lunch Nutrition D.O.O.,Facilities,"$1,012",Food and catering services in Croatia,Consolidate
Winmaxi Tours & Travels,G&A,"$1,001",Travel booking and transportation services,Consolidate
Digitalna Produkcija J.D.O.O.,Marketing,"$993",Digital content production and marketing,Terminate
Computershare-Caboodle Technology Limited,Finance,"$981",Share registry and investor services technology,Optimize
Allianz Wa,Finance,"$971",Insurance provider in Western Australia,Consolidate
Trending Technology Services Gmbh,Engineering,"$961",Technology services and consulting,Optimize
Godaddy.Com Llc,Engineering,"$923",Domain registration and web hosting services,Optimize
Time Out Group,Marketing,"$920",Media and event advertising platform,Terminate
Raiffeisenbank Austria D.D.,Finance,"$920",Banking and financial services in Croatia,Optimize
Galop-Prijevoz D.O.O.,G&A,"$908",Transportation and logistics services,Consolidate
Lane Ip Limited,Legal,"$851",Intellectual property and patent services,Optimize
Urbani Eventi D.O.O.,G&A,"$851",Event planning and corporate events,Terminate
Smashing Media Ag,Engineering,"$850",Web development resources and conferences,Optimize
Epignosis Llc,SaaS,"$833",TalentLMS learning management system platform,Optimize
Croatia Airlines,G&A,"$832",National airline of Croatia for travel,Consolidate
Bb Football Scouting J.D.O.O.,G&A,"$823",Sports and recreation services,Terminate
Boe Croatia D.O.O.,Professional Services,"$814",Business services in Croatia,Optimize
Potomac D.O.O.,Professional Services,"$806",Business services in Croatia,Optimize
President Hotel And Tower Co. Ltd,G&A,"$803",Hotel and conference venue,Terminate
Friends Sports Club,G&A,"$797",Sports and recreation facilities,Terminate
The Cycle Gap Adyar,G&A,"$765",Sports and recreation services in India,Terminate
Apple - Amer,Engineering,"$764",Hardware and device procurement,Consolidate
Klg - Kalra Legal Group,Legal,"$681",Legal services and law firm in India,Consolidate
Kilgannon & Partners Llp,Legal,"$681",Employment law firm,Consolidate
Uk Postbox Limited,G&A,"$670",Virtual mailbox and mail forwarding services,Optimize
Catering Ivic D.O.O.,Facilities,"$669",Catering services in Croatia,Consolidate
Blink Events,Marketing,"$664",Event planning and marketing services,Terminate
Grafo-Jan,G&A,"$662",Printing and office supplies,Optimize
Mesa Verde,G&A,"$662",Restaurant and catering services,Terminate
Pixsy Inc,Legal,"$613",Image copyright protection and licensing platform,Optimize
Dun & Bradstreet D.O.O.,Sales,"$610",Business data and credit risk intelligence,Optimize
Induslaw,Legal,"$596",Full-service law firm in India,Consolidate
Trans-Agram Obrt Za Dostavu,G&A,"$581",Delivery and courier services in Croatia,Optimize
Landu Law Solicitors,Legal,"$568",Immigration and legal services,Consolidate
Arena Center Zagreb D.O.O.,G&A,"$567",Shopping and event venue in Zagreb,Terminate
Obrt Za Ugostiteljstvo Mirakul,Facilities,"$565",Hospitality and catering services,Consolidate
Oakberry Jr D.O.O.,G&A,"$535",Food and refreshment services,Terminate
Tau On-Line D.O.O.,Engineering,"$534",Online services and technology in Croatia,Optimize
Magic Mountain Saloon,G&A,"$524",Restaurant and entertainment venue,Terminate
Hotel Zonar,G&A,"$523",Hotel and accommodation services,Terminate
Roto Dinamic D.O.O.,G&A,"$512",Printing and media services in Croatia,Optimize
Tm Forum,Professional Services,"$510",Telecommunications industry standards organization,Consolidate
Marvie Hotel - Krupa D.O.O.,G&A,"$502",Hotel and accommodation in Croatia,Terminate
Merchandise Ltd,Marketing,"$490",Promotional merchandise and branded products,Consolidate
Yellow Submarine D.O.O.,G&A,"$486",Restaurant and catering services,Terminate
Streamlinereforms Inc,Professional Services,"$483",Business process and compliance services,Optimize
Make And Grow Ltd,Marketing,"$483",Marketing and growth consulting,Terminate
Obiteljski Hoteli D.O.O.,G&A,"$474",Hotel and accommodation services,Terminate
Rudan D.O.O.,Professional Services,"$473",Business services in Croatia,Optimize
Entrio Tehnologije D.O.O.,SaaS,"$473",Event ticketing and technology platform,Optimize
Vivat Fina Vina D.O.O.,G&A,"$467",Wine and beverage services,Terminate
Figma Inc.,Product,"$460",Collaborative design and prototyping tool,Optimize
E-Disti D.O.O.,Engineering,"$458",IT distribution and technology services,Optimize
Greencell Express Private Limited,G&A,"$457",Courier and logistics services in India,Optimize
Edwardian Pastoria Hotels Ltd (The Londoner),G&A,"$433",Hotel and conference venue in London,Terminate
Tiganda J.D.O.O.,Professional Services,"$432",Business services in Croatia,Optimize
Franklin Gringer & Cohen P.C.,Legal,"$427",Corporate and business law firm,Consolidate
Blitz - Cinestar D.O.O.,G&A,"$426",Entertainment and cinema services,Terminate
Lancefield Bus Service,G&A,"$412",Transportation services in Australia,Optimize
Super Odrediste D.O.O.,G&A,"$378",Travel and tourism services,Terminate
Pmi Global Operations Center,Professional Services,"$378",Project management certification and training,Optimize
Student Packers & Movers,G&A,"$371",Moving and relocation services in India,Optimize
Del Posto D.O.O.,G&A,"$364",Restaurant and catering services,Terminate
Inicijativa Centar Za Edukaciju,Professional Services,"$358",Training and education services,Optimize
Niva Transport J.D.O.O.,G&A,"$358",Transportation services in Croatia,Optimize
Doctor Anywhere Operations Pte Ltd,G&A,"$347",Telemedicine and healthcare services,Optimize
Spar Hrvatska D.O.O.,G&A,"$341",Retail grocery and supplies in Croatia,Consolidate
Pepe'S Italian And Liquor,G&A,"$339",Restaurant and catering services,Terminate
Pluralsight Llc,SaaS,"$318",Online technology training and learning platform,Optimize
Maniax Melbourne Cbd,G&A,"$315",Entertainment and recreation venue,Terminate
Dnsimple,Engineering,"$312",Domain management and DNS services,Optimize
Treci Posao D.O.O.,Marketing,"$307",Job portal and recruitment advertising,Consolidate
Gaucho Restaurants,G&A,"$302",Restaurant and corporate dining,Terminate
Formswift,SaaS,"$301",Online document creation and forms platform,Optimize
Safestore Ltd,Facilities,"$287",Self-storage and document archiving services,Optimize
Split Tech City,Professional Services,"$284",Technology community and networking organization,Optimize
National Securities Depository Limited(Nsdl),Finance,"$281",Securities depository and financial services,Optimize
Adamma Info Services Private Limited,Engineering,"$273",IT services and technology in India,Optimize
The Riding House Cafe,G&A,"$265",Restaurant and corporate catering,Terminate
Stillmark Zagreb D.O.O.,Professional Services,"$263",Business services in Croatia,Optimize
Lastpass Ireland Limited,SaaS,"$263",Password management and security software,Optimize
Taste Of Health,G&A,"$259",Food and catering services,Terminate
Infodata,Engineering,"$241",Data services and technology provider,Optimize
Amazon (Aus),G&A,"$233",Office supplies and equipment in Australia,Consolidate
Regency Hampers Ltd,G&A,"$248",Corporate gifts and hamper services,Terminate
Bella Operation A/S,Professional Services,"$241",Business operations and services,Optimize
The Plant Man,Facilities,"$235",Office plants and interior landscaping,Terminate
Media Promo Plus D.O.O.,Marketing,"$226",Marketing and promotional services,Terminate
Expert-Ing D.O.O.,Engineering,"$225",Engineering and consulting services,Optimize
Atlassian Pty Ltd,SaaS,"$224",Project management and collaboration software,Consolidate
Djs For U,G&A,"$220",Entertainment and event services,Terminate
Freepik Company,Marketing,"$203",Stock graphics and design resources,Optimize
Nastavni Zavod Za Javno Zdravstvo Dr. Andrija Stampar,G&A,"$199",Public health services in Croatia,Optimize
Rishi Events And Entainment,G&A,"$198",Event planning and entertainment,Terminate
Kosmaz Technologies Croatia,Engineering,"$195",Technology services in Croatia,Optimize
Dhl,G&A,"$191",Global shipping and logistics services,Consolidate
Hotel Laguna D.D.,G&A,"$190",Hotel and accommodation services,Terminate
Bigshare Services Private Limited,Finance,"$188",Share registry and investor services,Optimize
Zettanet,Engineering,"$183",Network and IT infrastructure services,Optimize
Hahn Air,G&A,"$183",Airline ticketing and travel services,Consolidate
Vitality Works,G&A,"$182",Employee wellness and health services,Consolidate
Avoxi Inc,SaaS,"$178",Cloud communications and VoIP platform,Optimize
Zapier Inc.,SaaS,"$167",Workflow automation and app integration platform,Optimize
Solarwinds Inc,SaaS,"$166",IT monitoring and management software,Optimize
Xenon Savjetovanje D.O.O.,Professional Services,"$164",Business consulting in Croatia,Consolidate
Floom Ltd,G&A,"$162",Flower delivery and corporate gifts,Terminate
Notino S.R.O.,G&A,"$161",Personal care and wellness products,Terminate
Paint&Wine Vl. Stevo Dosen,G&A,"$159",Team building and corporate events,Terminate
Parcelforce Worldwide,G&A,"$155",Shipping and parcel delivery services,Consolidate
Advena,Professional Services,"$154",Business services and consulting,Optimize
Hrvatski Nezavisnici Izvoznici Softvera,Professional Services,"$154",Croatian software exporters association,Optimize
Monile J.D.O.O.,Engineering,"$152",Mobile and software development,Optimize
Puzzle Promotion J.D.O.O.,Marketing,"$143",Promotional marketing services,Terminate
Zagrebacki Holding D.O.O.,Facilities,"$143",City utilities and municipal services,Optimize
Event Ors,G&A,"$143",Event planning and coordination,Terminate
Sportkart D.O.O.,G&A,"$141",Sports and recreation services,Terminate
Interaction Design Foundation Inc,SaaS,"$138",Design education and training platform,Optimize
(Blank),G&A,"$137",Unidentified vendor,Terminate
Escape Art D.O.O.,G&A,"$133",Entertainment and team building activities,Terminate
Fero-Term,G&A,"$131",Industrial supplies and equipment,Optimize
Ustanova Za Zdravstvenu Skrb P.P.,G&A,"$131",Healthcare services in Croatia,Optimize
Vistaprint,Marketing,"$130",Printing and promotional materials,Optimize
Teb Poslovno Savjetovanje D.O.O.,Professional Services,"$129",Business consulting in Croatia,Consolidate
Illunis D.O.O.,Marketing,"$128",Creative and design services,Terminate
The Cook Kitchen,G&A,"$123",Catering and food services,Terminate
Australian Taxation Office (Ato),Finance,"$123",Tax authority and compliance,Optimize
Capitol Services,Legal,"$120",Corporate filing and compliance services,Optimize
Bonus Opinio D.O.O.,Marketing,"$120",Marketing research and services,Terminate
Dhl Express (Uk) Ltd,G&A,"$119",Express shipping and courier services,Consolidate
Kat'S Kitchen D.O.O.,G&A,"$119",Catering and food services,Terminate
Soho Kitchen Ltd,G&A,"$104",Restaurant and catering services,Terminate
Fortis Trade J.D.O.O.,G&A,"$95",Trading and business services,Optimize
Till Trade D.O.O.,G&A,"$93",Business services in Croatia,Optimize
Pret A Manger,G&A,"$92",Food and refreshment services,Terminate
Axil Coffee Roasters,G&A,"$89",Coffee and refreshment services,Terminate
Pepco Croatia D.O.O.,G&A,"$89",Retail and office supplies,Optimize
Lemia D.O.O.,Professional Services,"$88",Business services in Croatia,Optimize
Retriever Llc,Marketing,"$88",Media monitoring services,Terminate
Meluba Limited,Professional Services,"$88",Business services and consulting,Optimize
London Waste Management,Facilities,"$86",Waste management and recycling services,Optimize
Hilton Garden Inn - Zagreb City Hotels D.O.O.,G&A,"$82",Hotel and accommodation in Zagreb,Terminate
Lider Media D.O.O.,Marketing,"$80",Media and publishing services,Terminate
Uptime Robot Service Provider Ltd,SaaS,"$78",Website monitoring and uptime service,Optimize
Mithras Consultants,Professional Services,"$77",Business consulting services,Terminate
6Sense Insights Inc,Sales,"$76",B2B revenue intelligence and predictive analytics platform,Optimize
Ico,Legal,"$67",UK data protection registration authority,Optimize
Sportska Udruga Split,G&A,"$66",Sports association and recreation,Terminate
Prezzee,G&A,"$64",Digital gift card and rewards platform,Terminate
Inet Telecoms Ltd.,Engineering,"$63",Telecommunications services,Consolidate
Wolt Enterprises Oy,G&A,"$62",Food delivery services,Terminate
Platinum Office D.O.O.,G&A,"$62",Office supplies and services,Consolidate
Snappy Snaps,Marketing,"$59",Photography and printing services,Terminate
New Block D.O.O.,Professional Services,"$56",Business services in Croatia,Optimize
Cayman Islands Government,Legal,"$56",Government regulatory fees and compliance,Optimize
Officeworks,G&A,"$56",Office supplies and stationery retailer in Australia,Consolidate
Click Send Pty Ltd,SaaS,"$55",SMS and communication API services,Optimize
Kall Kwik Centre 565,G&A,"$55",Printing and copying services,Terminate
Shilton Hospitality Llp,G&A,"$55",Hospitality and catering services,Terminate
Axosoft Gitkraken,Engineering,"$54",Git client and version control tools,Optimize
Istra Wine,G&A,"$53",Wine and beverage services,Terminate
Gophr,G&A,"$52",Same-day courier and delivery services,Consolidate
Pan-Pek D.O.O.,G&A,"$50",Bakery and food services in Croatia,Terminate
Uber *Eats,G&A,"$50",Food delivery services,Terminate
Fedex Express Uk Transportation Ltd,G&A,"$47",Express shipping and courier services,Consolidate
Garden City D.O.O.,Professional Services,"$45",Business services in Croatia,Optimize
Livingstone,Professional Services,"$41",Business services and consulting,Optimize
Ekupi D.O.O.,G&A,"$40",E-commerce and retail services in Croatia,Optimize
Farmacia - Specijalizirana Prodavaonica D.O.O.,G&A,"$36",Pharmacy and health products in Croatia,Optimize
Cupcake Central (Life Is Sweet Bakery),G&A,"$35",Bakery and catering services,Terminate
Post Office Ltd,G&A,"$32",Postal and shipping services,Consolidate
Currys Pc World,Engineering,"$30",Electronics and computer equipment retailer,Consolidate
Brodomerkur D.D.,G&A,"$29",Industrial and office supplies in Croatia,Optimize
Sport Vision D.O.O.,G&A,"$26",Sports equipment and apparel retailer,Terminate
Harissa D.O.O.,G&A,"$21",Restaurant and food services,Terminate
Specijalisticka Ordinacija Medicine Rada I Sporta Ina Kardos,G&A,"$20",Occupational health services in Croatia,Consolidate
Specijalisticka Ordinacija Medicine Rada Helena Blazic,G&A,"$20",Occupational health services in Croatia,Consolidate
Ustanova Za Medicinu Rada I Sporta Dr. Novacki,G&A,"$20",Occupational health services in Croatia,Consolidate
M&S Simply Food,G&A,"$19",Food and refreshment services,Terminate
Bakemono Bakers Melbourne,G&A,"$18",Bakery and food services in Australia,Terminate
Coles,G&A,"$18",Grocery and office supplies retailer in Australia,Consolidate
